id,publication_year,cited_by_count,author_ids
https://openalex.org/W2889504592,2020,264,"['https://openalex.org/A5050448347', 'https://openalex.org/A5066593729', 'https://openalex.org/A5072503522']"
https://openalex.org/W2015511055,2008,178,"['https://openalex.org/A5113457968', 'https://openalex.org/A5051165484', 'https://openalex.org/A5014134916', 'https://openalex.org/A5066471657', 'https://openalex.org/A5032099717', 'https://openalex.org/A5054898551', 'https://openalex.org/A5110421708', 'https://openalex.org/A5069896191', 'https://openalex.org/A5079656278', 'https://openalex.org/A5035998096', 'https://openalex.org/A5076975160', 'https://openalex.org/A5066593729', 'https://openalex.org/A5078186397', 'https://openalex.org/A5063753192', 'https://openalex.org/A5100603467']"
https://openalex.org/W2046064162,2008,156,"['https://openalex.org/A5051165484', 'https://openalex.org/A5014134916', 'https://openalex.org/A5113457968', 'https://openalex.org/A5066471657', 'https://openalex.org/A5032099717', 'https://openalex.org/A5054898551', 'https://openalex.org/A5110421708', 'https://openalex.org/A5069896191', 'https://openalex.org/A5079656278', 'https://openalex.org/A5035998096', 'https://openalex.org/A5076975160', 'https://openalex.org/A5066593729', 'https://openalex.org/A5078186397', 'https://openalex.org/A5063753192', 'https://openalex.org/A5100603467']"
https://openalex.org/W2336958366,2016,147,"['https://openalex.org/A5066593729', 'https://openalex.org/A5067990152', 'https://openalex.org/A5063930699']"
https://openalex.org/W3087178088,2021,138,"['https://openalex.org/A5066593729', 'https://openalex.org/A5087796283', 'https://openalex.org/A5049091735', 'https://openalex.org/A5017430000']"
https://openalex.org/W2897733124,2019,85,"['https://openalex.org/A5076493682', 'https://openalex.org/A5006411668', 'https://openalex.org/A5066593729', 'https://openalex.org/A5011080599', 'https://openalex.org/A5036692786']"
https://openalex.org/W4387096147,2023,76,"['https://openalex.org/A5102968048', 'https://openalex.org/A5040591720', 'https://openalex.org/A5066593729', 'https://openalex.org/A5087796283']"
https://openalex.org/W1983531075,1995,72,"['https://openalex.org/A5006534630', 'https://openalex.org/A5010999224', 'https://openalex.org/A5110353724', 'https://openalex.org/A5066593729']"
https://openalex.org/W3036874630,2020,64,"['https://openalex.org/A5019137857', 'https://openalex.org/A5066593729', 'https://openalex.org/A5087796283']"
https://openalex.org/W2460717728,2016,51,"['https://openalex.org/A5083886767', 'https://openalex.org/A5066593729']"
https://openalex.org/W1969811808,2011,41,"['https://openalex.org/A5056320825', 'https://openalex.org/A5066471657', 'https://openalex.org/A5027607505', 'https://openalex.org/A5054077502', 'https://openalex.org/A5102859881', 'https://openalex.org/A5066593729']"
https://openalex.org/W2079724012,2011,28,"['https://openalex.org/A5112321819', 'https://openalex.org/A5101923988', 'https://openalex.org/A5054150623', 'https://openalex.org/A5054898551', 'https://openalex.org/A5110421708', 'https://openalex.org/A5101869828', 'https://openalex.org/A5069896191', 'https://openalex.org/A5066593729', 'https://openalex.org/A5051165484', 'https://openalex.org/A5078186397', 'https://openalex.org/A5100603467', 'https://openalex.org/A5086772464']"
https://openalex.org/W2028428034,2007,20,"['https://openalex.org/A5103456830', 'https://openalex.org/A5103166219', 'https://openalex.org/A5057938506', 'https://openalex.org/A5061095507', 'https://openalex.org/A5030457768', 'https://openalex.org/A5051165484', 'https://openalex.org/A5066593729', 'https://openalex.org/A5112659930', 'https://openalex.org/A5012939492', 'https://openalex.org/A5103110354']"
https://openalex.org/W2066763801,2012,20,"['https://openalex.org/A5112659930', 'https://openalex.org/A5066593729', 'https://openalex.org/A5039142974', 'https://openalex.org/A5066471657', 'https://openalex.org/A5041484627', 'https://openalex.org/A5110764557']"
https://openalex.org/W4386695879,2023,16,"['https://openalex.org/A5102968048', 'https://openalex.org/A5066593729', 'https://openalex.org/A5067990152', 'https://openalex.org/A5034952131']"
https://openalex.org/W4402858161,2024,5,"['https://openalex.org/A5102968048', 'https://openalex.org/A5040591720', 'https://openalex.org/A5066593729', 'https://openalex.org/A5100361539']"
https://openalex.org/W2170966192,2010,62,"['https://openalex.org/A5001849461', 'https://openalex.org/A5076693095', 'https://openalex.org/A5112617544', 'https://openalex.org/A5078186397', 'https://openalex.org/A5054898551', 'https://openalex.org/A5087995810', 'https://openalex.org/A5066593729', 'https://openalex.org/A5101923988', 'https://openalex.org/A5051165484', 'https://openalex.org/A5102784952', 'https://openalex.org/A5069896191']"
https://openalex.org/W2562062209,2017,55,"['https://openalex.org/A5066593729', 'https://openalex.org/A5036692786']"
https://openalex.org/W2981032677,2020,49,"['https://openalex.org/A5102968048', 'https://openalex.org/A5066593729', 'https://openalex.org/A5017430000']"
https://openalex.org/W2087234608,2004,46,"['https://openalex.org/A5075837469', 'https://openalex.org/A5066593729', 'https://openalex.org/A5077617345', 'https://openalex.org/A5042392029']"
https://openalex.org/W2056211952,1998,41,"['https://openalex.org/A5066593729', 'https://openalex.org/A5042965489', 'https://openalex.org/A5109540786', 'https://openalex.org/A5000264811', 'https://openalex.org/A5110184500', 'https://openalex.org/A5113639548']"
https://openalex.org/W2075405426,2012,41,"['https://openalex.org/A5076693095', 'https://openalex.org/A5073797394', 'https://openalex.org/A5109951590', 'https://openalex.org/A5110146730', 'https://openalex.org/A5100662519', 'https://openalex.org/A5001849461', 'https://openalex.org/A5110547070', 'https://openalex.org/A5017433072', 'https://openalex.org/A5100701125', 'https://openalex.org/A5101926797', 'https://openalex.org/A5103038222', 'https://openalex.org/A5010493327', 'https://openalex.org/A5101437604', 'https://openalex.org/A5023711449', 'https://openalex.org/A5054898551', 'https://openalex.org/A5101869828', 'https://openalex.org/A5069896191', 'https://openalex.org/A5113457968', 'https://openalex.org/A5002397985', 'https://openalex.org/A5076975160', 'https://openalex.org/A5067462942', 'https://openalex.org/A5071380552', 'https://openalex.org/A5109323266', 'https://openalex.org/A5103549456', 'https://openalex.org/A5010765027', 'https://openalex.org/A5066593729', 'https://openalex.org/A5101923988', 'https://openalex.org/A5044835178', 'https://openalex.org/A5051165484', 'https://openalex.org/A5078186397', 'https://openalex.org/A5061276791', 'https://openalex.org/A5081985713', 'https://openalex.org/A5008834412', 'https://openalex.org/A5014530598', 'https://openalex.org/A5110146729']"
https://openalex.org/W3006536037,2020,34,"['https://openalex.org/A5000161232', 'https://openalex.org/A5075633645', 'https://openalex.org/A5066593729']"
https://openalex.org/W3128611433,2021,22,"['https://openalex.org/A5066593729', 'https://openalex.org/A5087796283']"
https://openalex.org/W3206921817,2021,17,"['https://openalex.org/A5066593729', 'https://openalex.org/A5036692786', 'https://openalex.org/A5087796283']"
https://openalex.org/W2992470882,2019,4,"['https://openalex.org/A5057281562', 'https://openalex.org/A5020654056', 'https://openalex.org/A5088977741']"
https://openalex.org/W4406313402,2025,2,"['https://openalex.org/A5058251552', 'https://openalex.org/A5020654056']"
https://openalex.org/W4406469188,2024,1,"['https://openalex.org/A5051671650', 'https://openalex.org/A5115906602', 'https://openalex.org/A5020654056', 'https://openalex.org/A5002067855', 'https://openalex.org/A5067666349']"
https://openalex.org/W2993076106,2019,3,['https://openalex.org/A5020654056']
https://openalex.org/W3046843272,2020,0,"['https://openalex.org/A5026212874', 'https://openalex.org/A5020654056']"
https://openalex.org/W3046992915,2020,0,['https://openalex.org/A5020654056']
https://openalex.org/W3185148439,2021,0,['https://openalex.org/A5020654056']
https://openalex.org/W3186094702,2021,0,['https://openalex.org/A5020654056']
https://openalex.org/W3186376956,2020,0,['https://openalex.org/A5020654056']
https://openalex.org/W3186863421,2021,0,['https://openalex.org/A5020654056']
https://openalex.org/W3187599653,2021,0,['https://openalex.org/A5020654056']
https://openalex.org/W3187975424,2021,0,['https://openalex.org/A5020654056']
https://openalex.org/W3188028227,2021,0,['https://openalex.org/A5020654056']
https://openalex.org/W3188557575,2021,0,['https://openalex.org/A5020654056']
https://openalex.org/W3188577122,2021,0,['https://openalex.org/A5020654056']
https://openalex.org/W3189659175,2021,0,['https://openalex.org/A5020654056']
https://openalex.org/W3190193825,2021,0,['https://openalex.org/A5020654056']
https://openalex.org/W3190995127,2021,0,['https://openalex.org/A5020654056']
https://openalex.org/W3192287587,2021,0,['https://openalex.org/A5020654056']
https://openalex.org/W3192647685,2021,0,['https://openalex.org/A5020654056']
https://openalex.org/W3192824634,2020,0,['https://openalex.org/A5020654056']
https://openalex.org/W3194719126,2021,0,['https://openalex.org/A5020654056']
https://openalex.org/W3194770083,2021,0,['https://openalex.org/A5020654056']
https://openalex.org/W3195202609,2020,0,['https://openalex.org/A5020654056']
https://openalex.org/W3196024679,2021,0,['https://openalex.org/A5020654056']
https://openalex.org/W4395025834,2024,80,"['https://openalex.org/A5051050719', 'https://openalex.org/A5084936290', 'https://openalex.org/A5050023117', 'https://openalex.org/A5029882049']"
https://openalex.org/W3153269634,2021,45,"['https://openalex.org/A5050023117', 'https://openalex.org/A5049920688']"
https://openalex.org/W4385571619,2023,40,"['https://openalex.org/A5051050719', 'https://openalex.org/A5101519083', 'https://openalex.org/A5084936290', 'https://openalex.org/A5050023117']"
https://openalex.org/W4287888350,2022,38,"['https://openalex.org/A5050023117', 'https://openalex.org/A5030360445', 'https://openalex.org/A5032463780', 'https://openalex.org/A5053442069', 'https://openalex.org/A5084936290']"
https://openalex.org/W4401042900,2024,26,"['https://openalex.org/A5050023117', 'https://openalex.org/A5051050719', 'https://openalex.org/A5084936290', 'https://openalex.org/A5075973241', 'https://openalex.org/A5078515950', 'https://openalex.org/A5084505122']"
https://openalex.org/W4402671261,2024,23,"['https://openalex.org/A5050023117', 'https://openalex.org/A5014923355', 'https://openalex.org/A5034624275', 'https://openalex.org/A5094018608', 'https://openalex.org/A5051050719', 'https://openalex.org/A5107568560', 'https://openalex.org/A5084505122']"
https://openalex.org/W4385573219,2022,16,"['https://openalex.org/A5050023117', 'https://openalex.org/A5032463780', 'https://openalex.org/A5060377481', 'https://openalex.org/A5084505122']"
https://openalex.org/W4409361921,2025,10,"['https://openalex.org/A5050023117', 'https://openalex.org/A5095761893', 'https://openalex.org/A5084936290', 'https://openalex.org/A5084505122']"
https://openalex.org/W3193717459,2022,40,"['https://openalex.org/A5051050719', 'https://openalex.org/A5084936290', 'https://openalex.org/A5050023117', 'https://openalex.org/A5026811404', 'https://openalex.org/A5029882049']"
https://openalex.org/W3120042896,2021,30,"['https://openalex.org/A5050023117', 'https://openalex.org/A5089430214', 'https://openalex.org/A5004209770', 'https://openalex.org/A5110724093', 'https://openalex.org/A5038233956', 'https://openalex.org/A5049920688']"
https://openalex.org/W4389523709,2023,11,"['https://openalex.org/A5051050719', 'https://openalex.org/A5081572871', 'https://openalex.org/A5084936290', 'https://openalex.org/A5050023117', 'https://openalex.org/A5029882049']"
https://openalex.org/W4408224376,2025,10,"['https://openalex.org/A5068726494', 'https://openalex.org/A5012327209', 'https://openalex.org/A5050023117', 'https://openalex.org/A5029882049', 'https://openalex.org/A5091767278', 'https://openalex.org/A5038233956']"
https://openalex.org/W4402669926,2024,9,"['https://openalex.org/A5100732343', 'https://openalex.org/A5030717063', 'https://openalex.org/A5101206687', 'https://openalex.org/A5041680406', 'https://openalex.org/A5050023117', 'https://openalex.org/A5038390320', 'https://openalex.org/A5084505122', 'https://openalex.org/A5088832285']"
https://openalex.org/W4402670419,2024,6,"['https://openalex.org/A5030047993', 'https://openalex.org/A5050023117', 'https://openalex.org/A5094095377', 'https://openalex.org/A5022688200']"
https://openalex.org/W4200635105,2022,9,"['https://openalex.org/A5050023117', 'https://openalex.org/A5084936290', 'https://openalex.org/A5084505122', 'https://openalex.org/A5049920688']"
https://openalex.org/W4401041960,2024,4,"['https://openalex.org/A5100609741', 'https://openalex.org/A5049440095', 'https://openalex.org/A5087823830', 'https://openalex.org/A5056922715', 'https://openalex.org/A5100679181', 'https://openalex.org/A5050023117', 'https://openalex.org/A5073443117', 'https://openalex.org/A5021499005']"
https://openalex.org/W4401043909,2024,4,"['https://openalex.org/A5050411756', 'https://openalex.org/A5050023117', 'https://openalex.org/A5082637973']"
https://openalex.org/W4225590901,2021,3,"['https://openalex.org/A5050023117', 'https://openalex.org/A5084936290', 'https://openalex.org/A5084505122', 'https://openalex.org/A5049920688']"
https://openalex.org/W4385571603,2023,3,"['https://openalex.org/A5009743435', 'https://openalex.org/A5050023117', 'https://openalex.org/A5056086147', 'https://openalex.org/A5084505122']"
https://openalex.org/W4385571937,2023,3,"['https://openalex.org/A5043153694', 'https://openalex.org/A5084936290', 'https://openalex.org/A5112554494', 'https://openalex.org/A5039289027', 'https://openalex.org/A5089793938', 'https://openalex.org/A5078802779', 'https://openalex.org/A5050023117']"
https://openalex.org/W4401042129,2024,2,"['https://openalex.org/A5003730904', 'https://openalex.org/A5026955772', 'https://openalex.org/A5075585231', 'https://openalex.org/A5067625837', 'https://openalex.org/A5029882049', 'https://openalex.org/A5050023117']"
https://openalex.org/W4411120402,2025,2,"['https://openalex.org/A5103023862', 'https://openalex.org/A5102981246', 'https://openalex.org/A5058971030', 'https://openalex.org/A5018976680', 'https://openalex.org/A5050023117', 'https://openalex.org/A5116248669']"
https://openalex.org/W4323706301,2023,48,"['https://openalex.org/A5051050719', 'https://openalex.org/A5101519083', 'https://openalex.org/A5084936290', 'https://openalex.org/A5050023117']"
https://openalex.org/W4323929307,2023,23,"['https://openalex.org/A5051050719', 'https://openalex.org/A5084936290', 'https://openalex.org/A5050023117', 'https://openalex.org/A5029882049']"
https://openalex.org/W4386794464,2023,11,"['https://openalex.org/A5060377481', 'https://openalex.org/A5009980324', 'https://openalex.org/A5109379051', 'https://openalex.org/A5050023117', 'https://openalex.org/A5087088138', 'https://openalex.org/A5015518638', 'https://openalex.org/A5005779176']"
https://openalex.org/W3196023571,2021,2,"['https://openalex.org/A5020651482', 'https://openalex.org/A5084059803']"
https://openalex.org/W2921123283,2020,505,"['https://openalex.org/A5030092162', 'https://openalex.org/A5082323302', 'https://openalex.org/A5029036509', 'https://openalex.org/A5007776666']"
https://openalex.org/W3122399452,2016,135,"['https://openalex.org/A5035270562', 'https://openalex.org/A5030092162', 'https://openalex.org/A5085413751']"
https://openalex.org/W3121972160,2020,133,"['https://openalex.org/A5030092162', 'https://openalex.org/A5065207818']"
https://openalex.org/W3108225911,2020,96,"['https://openalex.org/A5030092162', 'https://openalex.org/A5082323302', 'https://openalex.org/A5029036509', 'https://openalex.org/A5090071738', 'https://openalex.org/A5007776666']"
https://openalex.org/W2905856035,2019,95,"['https://openalex.org/A5030092162', 'https://openalex.org/A5082323302', 'https://openalex.org/A5029036509', 'https://openalex.org/A5007776666']"
https://openalex.org/W3193572750,2021,30,"['https://openalex.org/A5091385707', 'https://openalex.org/A5030092162', 'https://openalex.org/A5082323302', 'https://openalex.org/A5026436988', 'https://openalex.org/A5029036509', 'https://openalex.org/A5072930385', 'https://openalex.org/A5110799602', 'https://openalex.org/A5007776666', 'https://openalex.org/A5056779507', 'https://openalex.org/A5020053372', 'https://openalex.org/A5022301635']"
https://openalex.org/W2907797614,2019,49,"['https://openalex.org/A5072722763', 'https://openalex.org/A5030092162', 'https://openalex.org/A5082582090']"
https://openalex.org/W3132862914,2021,43,"['https://openalex.org/A5030092162', 'https://openalex.org/A5082323302', 'https://openalex.org/A5029036509', 'https://openalex.org/A5007776666']"
https://openalex.org/W2289869735,2019,40,"['https://openalex.org/A5030092162', 'https://openalex.org/A5065207818']"
https://openalex.org/W2964261139,2016,40,"['https://openalex.org/A5001211242', 'https://openalex.org/A5030092162', 'https://openalex.org/A5055795427']"
https://openalex.org/W3121709162,2020,40,"['https://openalex.org/A5029752919', 'https://openalex.org/A5076834464', 'https://openalex.org/A5030092162', 'https://openalex.org/A5010247628', 'https://openalex.org/A5090840574', 'https://openalex.org/A5001364786']"
https://openalex.org/W4381951972,2023,13,"['https://openalex.org/A5030092162', 'https://openalex.org/A5082323302', 'https://openalex.org/A5029036509', 'https://openalex.org/A5007776666']"
https://openalex.org/W2116642403,2010,14,"['https://openalex.org/A5004176528', 'https://openalex.org/A5030092162']"
https://openalex.org/W3145638031,2012,6,"['https://openalex.org/A5030092162', 'https://openalex.org/A5057771554']"
https://openalex.org/W4289766368,2022,5,"['https://openalex.org/A5030092162', 'https://openalex.org/A5040871912', 'https://openalex.org/A5069180993']"
https://openalex.org/W4406297274,2025,3,"['https://openalex.org/A5030092162', 'https://openalex.org/A5082323302']"
https://openalex.org/W3124902473,2013,4,"['https://openalex.org/A5001211242', 'https://openalex.org/A5030092162', 'https://openalex.org/A5055795427']"
https://openalex.org/W4406967609,2024,3,"['https://openalex.org/A5030092162', 'https://openalex.org/A5082323302', 'https://openalex.org/A5029036509', 'https://openalex.org/A5007776666']"
https://openalex.org/W4403222272,2024,1,"['https://openalex.org/A5030092162', 'https://openalex.org/A5082323302', 'https://openalex.org/A5029036509', 'https://openalex.org/A5007776666']"
https://openalex.org/W3123992252,2016,1,"['https://openalex.org/A5001211242', 'https://openalex.org/A5030092162', 'https://openalex.org/A5112978750']"
https://openalex.org/W1555152848,2013,100,"['https://openalex.org/A5001211242', 'https://openalex.org/A5030092162', 'https://openalex.org/A5055795427']"
https://openalex.org/W3125008832,2021,63,"['https://openalex.org/A5004176528', 'https://openalex.org/A5030092162']"
https://openalex.org/W3008453670,2019,49,"['https://openalex.org/A5030092162', 'https://openalex.org/A5065207818']"
https://openalex.org/W1768247417,2014,23,"['https://openalex.org/A5035270562', 'https://openalex.org/A5030092162', 'https://openalex.org/A5085413751']"
https://openalex.org/W2998443063,2019,22,"['https://openalex.org/A5029752919', 'https://openalex.org/A5030092162', 'https://openalex.org/A5010247628', 'https://openalex.org/A5090840574', 'https://openalex.org/A5001364786']"
https://openalex.org/W4406404116,2025,6,"['https://openalex.org/A5000168373', 'https://openalex.org/A5054129638', 'https://openalex.org/A5113390774', 'https://openalex.org/A5010154251', 'https://openalex.org/A5014437029']"
https://openalex.org/W4402648658,2024,0,"['https://openalex.org/A5000168373', 'https://openalex.org/A5054129638', 'https://openalex.org/A5113390774', 'https://openalex.org/A5010154251', 'https://openalex.org/A5014437029']"
https://openalex.org/W4400878234,2024,2,"['https://openalex.org/A5104939473', 'https://openalex.org/A5018392096', 'https://openalex.org/A5111264644', 'https://openalex.org/A5069257022', 'https://openalex.org/A5054478253']"
https://openalex.org/W4414361538,2025,0,"['https://openalex.org/A5104939473', 'https://openalex.org/A5018392096', 'https://openalex.org/A5111264644', 'https://openalex.org/A5069257022', 'https://openalex.org/A5054478253']"
https://openalex.org/W4415159347,2025,0,"['https://openalex.org/A5111264644', 'https://openalex.org/A5054478253', 'https://openalex.org/A5018392096', 'https://openalex.org/A5053155995', 'https://openalex.org/A5024324589']"
https://openalex.org/W3037819556,2012,2499,"['https://openalex.org/A5079517520', 'https://openalex.org/A5082358191']"
https://openalex.org/W1967385589,2002,1845,"['https://openalex.org/A5079517520', 'https://openalex.org/A5101866798', 'https://openalex.org/A5026337966', 'https://openalex.org/A5067771153']"
https://openalex.org/W1983275606,2002,1070,"['https://openalex.org/A5079517520', 'https://openalex.org/A5101866798']"
https://openalex.org/W2037705937,2006,901,"['https://openalex.org/A5008935489', 'https://openalex.org/A5079517520', 'https://openalex.org/A5067142016']"
https://openalex.org/W1976040640,2012,607,"['https://openalex.org/A5032415518', 'https://openalex.org/A5060102759', 'https://openalex.org/A5079517520']"
https://openalex.org/W1991442303,2006,601,"['https://openalex.org/A5079517520', 'https://openalex.org/A5067142016']"
https://openalex.org/W4206071945,2022,559,"['https://openalex.org/A5084438761', 'https://openalex.org/A5079517520', 'https://openalex.org/A5059087308', 'https://openalex.org/A5079617036', 'https://openalex.org/A5028650315', 'https://openalex.org/A5100422377', 'https://openalex.org/A5048798915', 'https://openalex.org/A5009325271', 'https://openalex.org/A5051942308', 'https://openalex.org/A5100685292', 'https://openalex.org/A5100368250', 'https://openalex.org/A5045125398', 'https://openalex.org/A5103275212', 'https://openalex.org/A5083819212', 'https://openalex.org/A5044431363']"
https://openalex.org/W2122407999,2003,361,"['https://openalex.org/A5079517520', 'https://openalex.org/A5037550701', 'https://openalex.org/A5006225383']"
https://openalex.org/W1975443659,2011,327,"['https://openalex.org/A5032045555', 'https://openalex.org/A5025801291', 'https://openalex.org/A5079517520']"
https://openalex.org/W2046065260,2005,256,['https://openalex.org/A5079517520']
https://openalex.org/W4235733559,2002,232,"['https://openalex.org/A5079517520', 'https://openalex.org/A5101866798']"
https://openalex.org/W2050821205,2002,229,"['https://openalex.org/A5101866798', 'https://openalex.org/A5069767266', 'https://openalex.org/A5079517520', 'https://openalex.org/A5024925085', 'https://openalex.org/A5077421690', 'https://openalex.org/A5056662128']"
https://openalex.org/W2114082014,2010,228,"['https://openalex.org/A5032045555', 'https://openalex.org/A5025801291', 'https://openalex.org/A5079517520']"
https://openalex.org/W1981599289,2005,212,['https://openalex.org/A5079517520']
https://openalex.org/W2073512688,2002,210,['https://openalex.org/A5079517520']
https://openalex.org/W2149769615,2013,191,"['https://openalex.org/A5086073834', 'https://openalex.org/A5079517520']"
https://openalex.org/W2919497868,2019,170,['https://openalex.org/A5079517520']
https://openalex.org/W2016456216,2008,168,"['https://openalex.org/A5090925242', 'https://openalex.org/A5042883048', 'https://openalex.org/A5110332958', 'https://openalex.org/A5025808053', 'https://openalex.org/A5079517520']"
https://openalex.org/W1981637710,2009,138,"['https://openalex.org/A5020783346', 'https://openalex.org/A5014709451', 'https://openalex.org/A5079517520', 'https://openalex.org/A5089147261', 'https://openalex.org/A5049770857']"
https://openalex.org/W2100238891,2013,118,"['https://openalex.org/A5074129504', 'https://openalex.org/A5079517520']"
https://openalex.org/W1977816134,2011,115,"['https://openalex.org/A5046719770', 'https://openalex.org/A5079517520', 'https://openalex.org/A5047236098']"
https://openalex.org/W3098818882,2015,115,"['https://openalex.org/A5009960665', 'https://openalex.org/A5076947945', 'https://openalex.org/A5101606905', 'https://openalex.org/A5085669742', 'https://openalex.org/A5081789086', 'https://openalex.org/A5081026338', 'https://openalex.org/A5079517520', 'https://openalex.org/A5090925242']"
https://openalex.org/W2051680297,2013,108,"['https://openalex.org/A5041066777', 'https://openalex.org/A5086073834', 'https://openalex.org/A5079517520']"
https://openalex.org/W2056909789,2012,105,"['https://openalex.org/A5046719770', 'https://openalex.org/A5032045555', 'https://openalex.org/A5025801291', 'https://openalex.org/A5079517520']"
https://openalex.org/W2044884220,2009,103,"['https://openalex.org/A5047236098', 'https://openalex.org/A5082080991', 'https://openalex.org/A5079517520']"
https://openalex.org/W3205475594,2021,2126,"['https://openalex.org/A5053140884', 'https://openalex.org/A5032653173', 'https://openalex.org/A5118969723', 'https://openalex.org/A5059738737', 'https://openalex.org/A5063913041', 'https://openalex.org/A5104096829', 'https://openalex.org/A5100335305', 'https://openalex.org/A5100754441', 'https://openalex.org/A5100374639', 'https://openalex.org/A5078370650']"
https://openalex.org/W3048484045,2020,1309,"['https://openalex.org/A5045349744', 'https://openalex.org/A5032653173', 'https://openalex.org/A5100335238', 'https://openalex.org/A5104096829', 'https://openalex.org/A5059738737', 'https://openalex.org/A5063913041', 'https://openalex.org/A5100754441', 'https://openalex.org/A5100374639', 'https://openalex.org/A5078370650']"
https://openalex.org/W2947924265,2019,253,"['https://openalex.org/A5102329285', 'https://openalex.org/A5078370650', 'https://openalex.org/A5059738737', 'https://openalex.org/A5113870123', 'https://openalex.org/A5063913041', 'https://openalex.org/A5082745512', 'https://openalex.org/A5100325218', 'https://openalex.org/A5100335238', 'https://openalex.org/A5032653173', 'https://openalex.org/A5100374639']"
https://openalex.org/W3009290085,2020,243,"['https://openalex.org/A5070681422', 'https://openalex.org/A5110689328', 'https://openalex.org/A5032653173', 'https://openalex.org/A5063913041', 'https://openalex.org/A5018503849', 'https://openalex.org/A5100754441', 'https://openalex.org/A5036813587', 'https://openalex.org/A5100325218', 'https://openalex.org/A5100335228', 'https://openalex.org/A5100374639', 'https://openalex.org/A5078370650']"
https://openalex.org/W2979912946,2019,237,"['https://openalex.org/A5059738737', 'https://openalex.org/A5078370650', 'https://openalex.org/A5080195820', 'https://openalex.org/A5100754441', 'https://openalex.org/A5063913041', 'https://openalex.org/A5048850422', 'https://openalex.org/A5000579442', 'https://openalex.org/A5100335305', 'https://openalex.org/A5032653173', 'https://openalex.org/A5100374639']"
https://openalex.org/W4310079132,2022,228,"['https://openalex.org/A5058522614', 'https://openalex.org/A5100754441', 'https://openalex.org/A5032653173', 'https://openalex.org/A5118969723', 'https://openalex.org/A5100335304', 'https://openalex.org/A5104096829', 'https://openalex.org/A5059738737', 'https://openalex.org/A5063913041', 'https://openalex.org/A5103158223', 'https://openalex.org/A5100374639', 'https://openalex.org/A5078370650']"
https://openalex.org/W1652278102,1996,214,"['https://openalex.org/A5072444665', 'https://openalex.org/A5063913041', 'https://openalex.org/A5006070213', 'https://openalex.org/A5062330873', 'https://openalex.org/A5004616732', 'https://openalex.org/A5059516590']"
https://openalex.org/W3012758411,2020,164,"['https://openalex.org/A5100754441', 'https://openalex.org/A5059738737', 'https://openalex.org/A5063913041', 'https://openalex.org/A5100335309', 'https://openalex.org/A5100325221', 'https://openalex.org/A5036813587', 'https://openalex.org/A5110689328', 'https://openalex.org/A5100374639', 'https://openalex.org/A5032653173', 'https://openalex.org/A5078370650']"
https://openalex.org/W3119414881,2021,123,"['https://openalex.org/A5034729834', 'https://openalex.org/A5032653173', 'https://openalex.org/A5078370650', 'https://openalex.org/A5052990671', 'https://openalex.org/A5100754441', 'https://openalex.org/A5063913041', 'https://openalex.org/A5100325229', 'https://openalex.org/A5045831121', 'https://openalex.org/A5100392240', 'https://openalex.org/A5100374639', 'https://openalex.org/A5010303499']"
https://openalex.org/W2833129054,2018,120,"['https://openalex.org/A5100754441', 'https://openalex.org/A5078370650', 'https://openalex.org/A5059738737', 'https://openalex.org/A5112216055', 'https://openalex.org/A5063913041', 'https://openalex.org/A5100335305', 'https://openalex.org/A5032653173', 'https://openalex.org/A5100374639']"
https://openalex.org/W3090848430,2020,117,"['https://openalex.org/A5045349744', 'https://openalex.org/A5036813587', 'https://openalex.org/A5059738737', 'https://openalex.org/A5032653173', 'https://openalex.org/A5100754441', 'https://openalex.org/A5063913041', 'https://openalex.org/A5100325229', 'https://openalex.org/A5100335238', 'https://openalex.org/A5100374639', 'https://openalex.org/A5078370650']"
https://openalex.org/W2073422102,2014,113,"['https://openalex.org/A5101964092', 'https://openalex.org/A5100535912', 'https://openalex.org/A5051072389', 'https://openalex.org/A5100348149', 'https://openalex.org/A5063913041', 'https://openalex.org/A5102835550', 'https://openalex.org/A5103561793', 'https://openalex.org/A5100630583']"
https://openalex.org/W2949637147,2019,106,"['https://openalex.org/A5059738737', 'https://openalex.org/A5032653173', 'https://openalex.org/A5100754441', 'https://openalex.org/A5100335305', 'https://openalex.org/A5100325221', 'https://openalex.org/A5063913041', 'https://openalex.org/A5036813587', 'https://openalex.org/A5078370650', 'https://openalex.org/A5100374639']"
https://openalex.org/W2090001035,2014,105,"['https://openalex.org/A5063913041', 'https://openalex.org/A5071884187', 'https://openalex.org/A5109054231', 'https://openalex.org/A5100703283', 'https://openalex.org/A5100630584']"
https://openalex.org/W2783090105,2018,92,"['https://openalex.org/A5078370650', 'https://openalex.org/A5063913041', 'https://openalex.org/A5059738737', 'https://openalex.org/A5100754441', 'https://openalex.org/A5112216055', 'https://openalex.org/A5032653173', 'https://openalex.org/A5112126799', 'https://openalex.org/A5100374639']"
https://openalex.org/W2153350732,2014,89,"['https://openalex.org/A5071884187', 'https://openalex.org/A5100548100', 'https://openalex.org/A5063913041', 'https://openalex.org/A5100630583', 'https://openalex.org/A5074243377', 'https://openalex.org/A5100703280', 'https://openalex.org/A5054629112']"
https://openalex.org/W2560176876,2016,81,"['https://openalex.org/A5074243377', 'https://openalex.org/A5063913041', 'https://openalex.org/A5018171658', 'https://openalex.org/A5101890409', 'https://openalex.org/A5066687472', 'https://openalex.org/A5066927297', 'https://openalex.org/A5111888551', 'https://openalex.org/A5100548100', 'https://openalex.org/A5101964092', 'https://openalex.org/A5100703283', 'https://openalex.org/A5100630583']"
https://openalex.org/W4385575515,2023,81,"['https://openalex.org/A5100749515', 'https://openalex.org/A5045349744', 'https://openalex.org/A5101273001', 'https://openalex.org/A5052990671', 'https://openalex.org/A5059738737', 'https://openalex.org/A5100754441', 'https://openalex.org/A5054633923', 'https://openalex.org/A5063913041', 'https://openalex.org/A5036813587', 'https://openalex.org/A5030690302', 'https://openalex.org/A5100335335', 'https://openalex.org/A5118969723', 'https://openalex.org/A5100374639', 'https://openalex.org/A5078370650']"
https://openalex.org/W2995903778,2019,79,"['https://openalex.org/A5100749515', 'https://openalex.org/A5032653173', 'https://openalex.org/A5100335305', 'https://openalex.org/A5104096829', 'https://openalex.org/A5059738737', 'https://openalex.org/A5100754441', 'https://openalex.org/A5063913041', 'https://openalex.org/A5100374641', 'https://openalex.org/A5078370650']"
https://openalex.org/W3194505562,2021,78,"['https://openalex.org/A5034729834', 'https://openalex.org/A5078370650', 'https://openalex.org/A5052990671', 'https://openalex.org/A5032653173', 'https://openalex.org/A5100754441', 'https://openalex.org/A5063913041', 'https://openalex.org/A5100325221', 'https://openalex.org/A5045831121', 'https://openalex.org/A5118969723', 'https://openalex.org/A5100374639', 'https://openalex.org/A5059738737']"
https://openalex.org/W2898537004,2018,76,"['https://openalex.org/A5059738737', 'https://openalex.org/A5078370650', 'https://openalex.org/A5100443443', 'https://openalex.org/A5080195820', 'https://openalex.org/A5100754441', 'https://openalex.org/A5063913041', 'https://openalex.org/A5000579442', 'https://openalex.org/A5100401881', 'https://openalex.org/A5011227285', 'https://openalex.org/A5032653173', 'https://openalex.org/A5112126799', 'https://openalex.org/A5100400736', 'https://openalex.org/A5100374639']"
https://openalex.org/W3103900582,2020,74,"['https://openalex.org/A5045349744', 'https://openalex.org/A5063913041', 'https://openalex.org/A5032653173', 'https://openalex.org/A5059738737', 'https://openalex.org/A5100754441', 'https://openalex.org/A5100325209', 'https://openalex.org/A5100335305', 'https://openalex.org/A5100374639', 'https://openalex.org/A5078370650']"
https://openalex.org/W4223948429,2022,67,"['https://openalex.org/A5052990671', 'https://openalex.org/A5078370650', 'https://openalex.org/A5032653173', 'https://openalex.org/A5100749515', 'https://openalex.org/A5054633923', 'https://openalex.org/A5100335335', 'https://openalex.org/A5063913041', 'https://openalex.org/A5100754441', 'https://openalex.org/A5011005874', 'https://openalex.org/A5100374639', 'https://openalex.org/A5059738737']"
https://openalex.org/W2603701879,2017,64,"['https://openalex.org/A5018171658', 'https://openalex.org/A5111888551', 'https://openalex.org/A5066927297', 'https://openalex.org/A5074243377', 'https://openalex.org/A5063913041', 'https://openalex.org/A5023118874', 'https://openalex.org/A5101925963', 'https://openalex.org/A5066687472', 'https://openalex.org/A5071884187', 'https://openalex.org/A5100548100', 'https://openalex.org/A5100703283', 'https://openalex.org/A5110035328', 'https://openalex.org/A5100630583']"
https://openalex.org/W3207717279,2021,61,"['https://openalex.org/A5052012838', 'https://openalex.org/A5032653173', 'https://openalex.org/A5100335305', 'https://openalex.org/A5052990671', 'https://openalex.org/A5100754441', 'https://openalex.org/A5063913041', 'https://openalex.org/A5104096829', 'https://openalex.org/A5118969723', 'https://openalex.org/A5078370650', 'https://openalex.org/A5100374639', 'https://openalex.org/A5059738737']"
